[
    {
        "label": "happy_face",
        "bbox": [
            418.26007080078125,
            391.93731689453125,
            616.0526733398438,
            577.2076416015625
        ],
        "confidence": 0.9335651993751526
    },
    {
        "label": "happy_face",
        "bbox": [
            105.11848449707031,
            112.09687805175781,
            321.82440185546875,
            308.9574890136719
        ],
        "confidence": 0.8957966566085815
    },
    {
        "label": "happy_face",
        "bbox": [
            614.8858642578125,
            733.2921752929688,
            761.8946533203125,
            873.4255981445312
        ],
        "confidence": 0.7555736303329468
    }
]