[
    {
        "color_name": "green",
        "rgb": [
            63,
            139,
            6
        ],
        "emotion": "Calm",
        "proportion": 113643
    },
    {
        "color_name": "orange",
        "rgb": [
            205,
            188,
            18
        ],
        "emotion": "Happiness",
        "proportion": 111454
    },
    {
        "color_name": "red",
        "rgb": [
            213,
            68,
            8
        ],
        "emotion": "Anger",
        "proportion": 85649
    }
]