{
    "scene_descriptions": [
        "This drawing feels **happiness** (1.000).",
        "With a lot of **green**, the mood becomes **tranquil**.",
        "**orange** in the background hints at a **stimulating** feeling.",
        "The **emotionally heightened** nature of this **red** shade feels **emotionally heightened**."
    ],
    "object_descriptions": {
        "0350_house": [
            "The house may symbolize **memory**.",
            "Its colors create a **emotionally heightened** impression of familiarity.",
            "This medium-sized house gives a **settled** presence.",
            "Bottom-left location makes the house feel **rooted and reflective** and **rooted**."
        ],
        "0360_tree": [
            "Trees often reflect **groundedness** themes, seen here clearly.",
            "The tree's natural colors evoke a **creative** impression.",
            "The medium size tree feels **emotionally regulated**.",
            "From the top-right, the tree radiates **forward-growing** and **strong**."
        ],
        "1502_house": [
            "Symbolically, the house reflects ideas of **stability**.",
            "The house's unusual coloring evokes something **emotionally regulated**.",
            "This medium-sized house gives a **settled** presence.",
            "Bottom-right placement suggests a **hidden but hopeful**, **buried** sense of home."
        ],
        "2618_tree": [
            "Its presence brings a sense of **groundedness**.",
            "Its coloring feels **stimulating** and organic.",
            "The medium size tree feels **balanced**.",
            "Bottom-right tree presence adds **subtle and progressive** and **balanced** depth."
        ],
        "5527_person": [
            "The person reflects themes of **self**.",
            "The person is colored in a **vital** way.",
            "The person appears with a **present** presence.",
            "The bottom center placement adds a **anchored** tone of **subtle but grounded**."
        ],
        "5593_house": [
            "The house may symbolize **home**.",
            "This coloring feels deeply **emotionally heightened**.",
            "This medium-sized house gives a **balanced** presence.",
            "Bottom-left location makes the house feel **subtle and past-oriented** and **rooted**."
        ],
        "6190_tree": [
            "Its presence brings a sense of **growth**.",
            "The tree's natural colors evoke a **emotionally regulated** impression.",
            "The medium size tree feels **natural**.",
            "Bottom-right tree presence adds **subtle and progressive** and **balanced** depth."
        ],
        "8252_tree": [
            "This tree suggests rootedness and **groundedness**.",
            "Its coloring feels **emotionally consistent** and organic.",
            "The medium size tree feels **emotionally regulated**.",
            "Bottom-right tree presence adds **rooted and forward-thinking** and **emotionally regulated** depth."
        ],
        "9036_person": [
            "This figure brings to mind ideas of **self**.",
            "The unexpected hues suggest something more **enthusiastic**.",
            "A large figure here suggests something **central**.",
            "The bottom center placement adds a **emotionally flat** tone of **subtle but grounded**."
        ]
    },
    "expression_descriptions": {
        "expr_72eaadd1": [
            "This smile radiates something **radiant**."
        ],
        "expr_5bbf455d": [
            "A happy expression shines with a **spirited** feeling."
        ],
        "expr_c9078cd5": [
            "This smile radiates something **radiant**."
        ]
    },
    "full_paragraph": "Main Emotion: happiness This drawing feels happiness (1.000).\nWith a lot of green, the mood becomes tranquil.\norange in the background hints at a stimulating feeling.\nThe emotionally heightened nature of this red shade feels emotionally heightened.\nThe house may symbolize memory.\nIts colors create a emotionally heightened impression of familiarity.\nThis medium-sized house gives a settled presence.\nBottom-left location makes the house feel rooted and reflective and rooted.\nTrees often reflect groundedness themes, seen here clearly.\nThe tree's natural colors evoke a creative impression.\nThe medium size tree feels emotionally regulated.\nFrom the top-right, the tree radiates forward-growing and strong.\nSymbolically, the house reflects ideas of stability.\nThe house's unusual coloring evokes something emotionally regulated.\nThis medium-sized house gives a settled presence.\nBottom-right placement suggests a hidden but hopeful, buried sense of home.\nIts presence brings a sense of groundedness. Its coloring feels stimulating and organic.\nThe medium size tree feels balanced.\nBottom-right tree presence adds subtle and progressive and balanced depth.\nThe person reflects themes of self. The person is colored in a vital way.\nThe person appears with a present presence.\nThe bottom center placement adds a anchored tone of subtle but grounded.\nThe house may symbolize home. This coloring feels deeply emotionally heightened.\nThis medium-sized house gives a balanced presence.\nBottom-left location makes the house feel subtle and past-oriented and rooted.\nIts presence brings a sense of growth.\nThe tree's natural colors evoke a emotionally regulated impression.\nThe medium size tree feels natural.\nBottom-right tree presence adds subtle and progressive and balanced depth.\nThis tree suggests rootedness and groundedness.\nIts coloring feels emotionally consistent and organic.\nThe medium size tree feels emotionally regulated.\nBottom-right tree presence adds rooted and forward-thinking and emotionally regulated depth.\nThis figure brings to mind ideas of self. The unexpected hues suggest something more enthusiastic.\nA large figure here suggests something central.\nThe bottom center placement adds a emotionally flat tone of subtle but grounded.\nThis smile radiates something radiant. A happy expression shines with a spirited feeling.\nThis smile radiates something radiant."
}