{
    "happy_face_1": [
        {
            "color_name": "orange",
            "rgb": [
                231,
                197,
                1
            ],
            "emotion": "Happiness",
            "proportion": 16342
        },
        {
            "color_name": "yellow",
            "rgb": [
                250,
                222,
                40
            ],
            "emotion": "Happiness",
            "proportion": 3875
        }
    ],
    "happy_face_2": [
        {
            "color_name": "orange",
            "rgb": [
                229,
                197,
                1
            ],
            "emotion": "Happiness",
            "proportion": 18644
        },
        {
            "color_name": "orange",
            "rgb": [
                217,
                112,
                7
            ],
            "emotion": "Happiness",
            "proportion": 5401
        },
        {
            "color_name": "yellow",
            "rgb": [
                246,
                219,
                50
            ],
            "emotion": "Happiness",
            "proportion": 3522
        }
    ],
    "happy_face_3": [
        {
            "color_name": "orange",
            "rgb": [
                243,
                141,
                14
            ],
            "emotion": "Happiness",
            "proportion": 4516
        },
        {
            "color_name": "orange",
            "rgb": [
                253,
                188,
                63
            ],
            "emotion": "Happiness",
            "proportion": 4757
        }
    ]
}