{
    "0350_house": [
        {
            "color_name": "red",
            "rgb": [
                237,
                40,
                21
            ],
            "emotion": "Anger",
            "proportion": 19371,
            "is_unusual": false
        },
        {
            "color_name": "yellow",
            "rgb": [
                230,
                200,
                9
            ],
            "emotion": "Happiness",
            "proportion": 24893,
            "is_unusual": false
        },
        {
            "color_name": "green",
            "rgb": [
                72,
                105,
                13
            ],
            "emotion": "Calm",
            "proportion": 9987,
            "is_unusual": true
        }
    ],
    "0360_tree": [
        {
            "color_name": "orange",
            "rgb": [
                251,
                137,
                57
            ],
            "emotion": "Happiness",
            "proportion": 6037,
            "is_unusual": false
        },
        {
            "color_name": "brown",
            "rgb": [
                158,
                83,
                34
            ],
            "emotion": "Calm",
            "proportion": 2484,
            "is_unusual": false
        }
    ],
    "1502_house": [
        {
            "color_name": "green",
            "rgb": [
                89,
                193,
                12
            ],
            "emotion": "Calm",
            "proportion": 16395,
            "is_unusual": true
        },
        {
            "color_name": "green",
            "rgb": [
                20,
                163,
                0
            ],
            "emotion": "Calm",
            "proportion": 17166,
            "is_unusual": true
        }
    ],
    "2618_tree": [
        {
            "color_name": "orange",
            "rgb": [
                200,
                116,
                16
            ],
            "emotion": "Happiness",
            "proportion": 7238,
            "is_unusual": false
        },
        {
            "color_name": "green",
            "rgb": [
                97,
                197,
                16
            ],
            "emotion": "Calm",
            "proportion": 17555,
            "is_unusual": false
        },
        {
            "color_name": "green",
            "rgb": [
                28,
                168,
                0
            ],
            "emotion": "Calm",
            "proportion": 20001,
            "is_unusual": false
        }
    ],
    "5527_person": [
        {
            "color_name": "red",
            "rgb": [
                249,
                42,
                26
            ],
            "emotion": "Anger",
            "proportion": 11721,
            "is_unusual": false
        },
        {
            "color_name": "green",
            "rgb": [
                65,
                167,
                4
            ],
            "emotion": "Calm",
            "proportion": 8635,
            "is_unusual": false
        },
        {
            "color_name": "orange",
            "rgb": [
                224,
                184,
                5
            ],
            "emotion": "Happiness",
            "proportion": 24638,
            "is_unusual": true
        }
    ],
    "5593_house": [
        {
            "color_name": "red",
            "rgb": [
                247,
                32,
                20
            ],
            "emotion": "Anger",
            "proportion": 15225,
            "is_unusual": false
        },
        {
            "color_name": "yellow",
            "rgb": [
                232,
                204,
                12
            ],
            "emotion": "Happiness",
            "proportion": 25065,
            "is_unusual": false
        },
        {
            "color_name": "orange",
            "rgb": [
                212,
                107,
                51
            ],
            "emotion": "Happiness",
            "proportion": 7598,
            "is_unusual": true
        }
    ],
    "6190_tree": [
        {
            "color_name": "green",
            "rgb": [
                46,
                178,
                2
            ],
            "emotion": "Calm",
            "proportion": 7232,
            "is_unusual": false
        }
    ],
    "8252_tree": [
        {
            "color_name": "brown",
            "rgb": [
                112,
                93,
                40
            ],
            "emotion": "Calm",
            "proportion": 1250,
            "is_unusual": false
        },
        {
            "color_name": "orange",
            "rgb": [
                247,
                163,
                54
            ],
            "emotion": "Happiness",
            "proportion": 2495,
            "is_unusual": false
        },
        {
            "color_name": "green",
            "rgb": [
                78,
                169,
                0
            ],
            "emotion": "Calm",
            "proportion": 3982,
            "is_unusual": false
        }
    ],
    "9036_person": [
        {
            "color_name": "orange",
            "rgb": [
                226,
                185,
                6
            ],
            "emotion": "Happiness",
            "proportion": 24948,
            "is_unusual": true
        },
        {
            "color_name": "green",
            "rgb": [
                63,
                164,
                4
            ],
            "emotion": "Calm",
            "proportion": 9559,
            "is_unusual": false
        },
        {
            "color_name": "red",
            "rgb": [
                248,
                43,
                26
            ],
            "emotion": "Anger",
            "proportion": 11822,
            "is_unusual": false
        }
    ]
}