{
    "pre_analysis": {
        "general_emotion": "Happiness",
        "general_emotion_confidence": 1.0,
        "drawing_image_path": "..\\shared_memory\\0_BE_input\\original_input.png",
        "drawing_bw_image_path": "..\\shared_memory\\0_BE_input\\original_input_BW.png",
        "objects": [
            {
                "id": "0350_house",
                "type": "house",
                "position": "bottom-left",
                "size": "medium",
                "dominant_expression": null,
                "dominant_emotion_hint": null,
                "dominant_emotion_color": "Anger",
                "is_color_unusual": false,
                "colors": [
                    {
                        "color_name": "red",
                        "rgb": [
                            237,
                            40,
                            21
                        ],
                        "emotion": "Anger",
                        "proportion": 19371,
                        "is_unusual": false
                    },
                    {
                        "color_name": "yellow",
                        "rgb": [
                            230,
                            200,
                            9
                        ],
                        "emotion": "Happiness",
                        "proportion": 24893,
                        "is_unusual": false
                    },
                    {
                        "color_name": "green",
                        "rgb": [
                            72,
                            105,
                            13
                        ],
                        "emotion": "Calm",
                        "proportion": 9987,
                        "is_unusual": true
                    }
                ],
                "crop_path": "shared_memory/2_OBJ_DET_out/objects/colored/crops/0350_house.png",
                "confidence": 0.788
            },
            {
                "id": "0360_tree",
                "type": "tree",
                "position": "top-right",
                "size": "medium",
                "dominant_expression": null,
                "dominant_emotion_hint": null,
                "dominant_emotion_color": "Happiness",
                "is_color_unusual": false,
                "colors": [
                    {
                        "color_name": "orange",
                        "rgb": [
                            251,
                            137,
                            57
                        ],
                        "emotion": "Happiness",
                        "proportion": 6037,
                        "is_unusual": false
                    },
                    {
                        "color_name": "brown",
                        "rgb": [
                            158,
                            83,
                            34
                        ],
                        "emotion": "Calm",
                        "proportion": 2484,
                        "is_unusual": false
                    }
                ],
                "crop_path": "shared_memory/2_OBJ_DET_out/objects/colored/crops/0360_tree.png",
                "confidence": 0.609
            },
            {
                "id": "1502_house",
                "type": "house",
                "position": "bottom-right",
                "size": "medium",
                "dominant_expression": null,
                "dominant_emotion_hint": null,
                "dominant_emotion_color": "Calm",
                "is_color_unusual": true,
                "colors": [
                    {
                        "color_name": "green",
                        "rgb": [
                            89,
                            193,
                            12
                        ],
                        "emotion": "Calm",
                        "proportion": 16395,
                        "is_unusual": true
                    },
                    {
                        "color_name": "green",
                        "rgb": [
                            20,
                            163,
                            0
                        ],
                        "emotion": "Calm",
                        "proportion": 17166,
                        "is_unusual": true
                    }
                ],
                "crop_path": "shared_memory/2_OBJ_DET_out/objects/colored/crops/1502_house.png",
                "confidence": 0.343
            },
            {
                "id": "2618_tree",
                "type": "tree",
                "position": "bottom-right",
                "size": "medium",
                "dominant_expression": null,
                "dominant_emotion_hint": null,
                "dominant_emotion_color": "Happiness",
                "is_color_unusual": false,
                "colors": [
                    {
                        "color_name": "orange",
                        "rgb": [
                            200,
                            116,
                            16
                        ],
                        "emotion": "Happiness",
                        "proportion": 7238,
                        "is_unusual": false
                    },
                    {
                        "color_name": "green",
                        "rgb": [
                            97,
                            197,
                            16
                        ],
                        "emotion": "Calm",
                        "proportion": 17555,
                        "is_unusual": false
                    },
                    {
                        "color_name": "green",
                        "rgb": [
                            28,
                            168,
                            0
                        ],
                        "emotion": "Calm",
                        "proportion": 20001,
                        "is_unusual": false
                    }
                ],
                "crop_path": "shared_memory/2_OBJ_DET_out/objects/colored/crops/2618_tree.png",
                "confidence": 0.74
            },
            {
                "id": "5527_person",
                "type": "person",
                "position": "bottom-center",
                "size": "medium",
                "dominant_expression": null,
                "dominant_emotion_hint": null,
                "dominant_emotion_color": "Anger",
                "is_color_unusual": false,
                "colors": [
                    {
                        "color_name": "red",
                        "rgb": [
                            249,
                            42,
                            26
                        ],
                        "emotion": "Anger",
                        "proportion": 11721,
                        "is_unusual": false
                    },
                    {
                        "color_name": "green",
                        "rgb": [
                            65,
                            167,
                            4
                        ],
                        "emotion": "Calm",
                        "proportion": 8635,
                        "is_unusual": false
                    },
                    {
                        "color_name": "orange",
                        "rgb": [
                            224,
                            184,
                            5
                        ],
                        "emotion": "Happiness",
                        "proportion": 24638,
                        "is_unusual": true
                    }
                ],
                "crop_path": "shared_memory/2_OBJ_DET_out/objects/colored/crops/5527_person.png",
                "confidence": 0.771
            },
            {
                "id": "5593_house",
                "type": "house",
                "position": "bottom-left",
                "size": "medium",
                "dominant_expression": null,
                "dominant_emotion_hint": null,
                "dominant_emotion_color": "Anger",
                "is_color_unusual": false,
                "colors": [
                    {
                        "color_name": "red",
                        "rgb": [
                            247,
                            32,
                            20
                        ],
                        "emotion": "Anger",
                        "proportion": 15225,
                        "is_unusual": false
                    },
                    {
                        "color_name": "yellow",
                        "rgb": [
                            232,
                            204,
                            12
                        ],
                        "emotion": "Happiness",
                        "proportion": 25065,
                        "is_unusual": false
                    },
                    {
                        "color_name": "orange",
                        "rgb": [
                            212,
                            107,
                            51
                        ],
                        "emotion": "Happiness",
                        "proportion": 7598,
                        "is_unusual": true
                    }
                ],
                "crop_path": "shared_memory/2_OBJ_DET_out/objects/colored/crops/5593_house.png",
                "confidence": 0.793
            },
            {
                "id": "6190_tree",
                "type": "tree",
                "position": "bottom-right",
                "size": "medium",
                "dominant_expression": null,
                "dominant_emotion_hint": null,
                "dominant_emotion_color": "Calm",
                "is_color_unusual": false,
                "colors": [
                    {
                        "color_name": "green",
                        "rgb": [
                            46,
                            178,
                            2
                        ],
                        "emotion": "Calm",
                        "proportion": 7232,
                        "is_unusual": false
                    }
                ],
                "crop_path": "shared_memory/2_OBJ_DET_out/objects/colored/crops/6190_tree.png",
                "confidence": 0.654
            },
            {
                "id": "8252_tree",
                "type": "tree",
                "position": "bottom-right",
                "size": "medium",
                "dominant_expression": null,
                "dominant_emotion_hint": null,
                "dominant_emotion_color": "Calm",
                "is_color_unusual": false,
                "colors": [
                    {
                        "color_name": "brown",
                        "rgb": [
                            112,
                            93,
                            40
                        ],
                        "emotion": "Calm",
                        "proportion": 1250,
                        "is_unusual": false
                    },
                    {
                        "color_name": "orange",
                        "rgb": [
                            247,
                            163,
                            54
                        ],
                        "emotion": "Happiness",
                        "proportion": 2495,
                        "is_unusual": false
                    },
                    {
                        "color_name": "green",
                        "rgb": [
                            78,
                            169,
                            0
                        ],
                        "emotion": "Calm",
                        "proportion": 3982,
                        "is_unusual": false
                    }
                ],
                "crop_path": "shared_memory/2_OBJ_DET_out/objects/colored/crops/8252_tree.png",
                "confidence": 0.423
            },
            {
                "id": "9036_person",
                "type": "person",
                "position": "bottom-center",
                "size": "large",
                "dominant_expression": null,
                "dominant_emotion_hint": null,
                "dominant_emotion_color": "Happiness",
                "is_color_unusual": true,
                "colors": [
                    {
                        "color_name": "orange",
                        "rgb": [
                            226,
                            185,
                            6
                        ],
                        "emotion": "Happiness",
                        "proportion": 24948,
                        "is_unusual": true
                    },
                    {
                        "color_name": "green",
                        "rgb": [
                            63,
                            164,
                            4
                        ],
                        "emotion": "Calm",
                        "proportion": 9559,
                        "is_unusual": false
                    },
                    {
                        "color_name": "red",
                        "rgb": [
                            248,
                            43,
                            26
                        ],
                        "emotion": "Anger",
                        "proportion": 11822,
                        "is_unusual": false
                    }
                ],
                "crop_path": "shared_memory/2_OBJ_DET_out/objects/colored/crops/9036_person.png",
                "confidence": 0.778
            }
        ],
        "facial_expressions": [
            {
                "id": "expr_72eaadd1",
                "expression": "happy_face",
                "mapped_emotion": "Happiness",
                "dominant_emotion_color": null,
                "colors": [],
                "crop_path": "shared_memory/3_FED_out/facial_expressions/crops/expr_72eaadd1.png",
                "confidence": 0.934
            },
            {
                "id": "expr_5bbf455d",
                "expression": "happy_face",
                "mapped_emotion": "Happiness",
                "dominant_emotion_color": null,
                "colors": [],
                "crop_path": "shared_memory/3_FED_out/facial_expressions/crops/expr_5bbf455d.png",
                "confidence": 0.896
            },
            {
                "id": "expr_c9078cd5",
                "expression": "happy_face",
                "mapped_emotion": "Happiness",
                "dominant_emotion_color": null,
                "colors": [],
                "crop_path": "shared_memory/3_FED_out/facial_expressions/crops/expr_c9078cd5.png",
                "confidence": 0.756
            }
        ],
        "dominant_drawing_colors": [
            {
                "color_name": "green",
                "rgb": [
                    63,
                    139,
                    6
                ],
                "emotion": "Calm",
                "proportion": 113643
            },
            {
                "color_name": "orange",
                "rgb": [
                    205,
                    188,
                    18
                ],
                "emotion": "Happiness",
                "proportion": 111454
            },
            {
                "color_name": "red",
                "rgb": [
                    213,
                    68,
                    8
                ],
                "emotion": "Anger",
                "proportion": 85649
            }
        ]
    },
    "analysis_text": {
        "scene_descriptions": [
            "This drawing feels **happiness** (1.000).",
            "With a lot of **green**, the mood becomes **tranquil**.",
            "**orange** in the background hints at a **stimulating** feeling.",
            "The **emotionally heightened** nature of this **red** shade feels **emotionally heightened**."
        ],
        "object_descriptions": {
            "0350_house": [
                "The house may symbolize **memory**.",
                "Its colors create a **emotionally heightened** impression of familiarity.",
                "This medium-sized house gives a **settled** presence.",
                "Bottom-left location makes the house feel **rooted and reflective** and **rooted**."
            ],
            "0360_tree": [
                "Trees often reflect **groundedness** themes, seen here clearly.",
                "The tree's natural colors evoke a **creative** impression.",
                "The medium size tree feels **emotionally regulated**.",
                "From the top-right, the tree radiates **forward-growing** and **strong**."
            ],
            "1502_house": [
                "Symbolically, the house reflects ideas of **stability**.",
                "The house's unusual coloring evokes something **emotionally regulated**.",
                "This medium-sized house gives a **settled** presence.",
                "Bottom-right placement suggests a **hidden but hopeful**, **buried** sense of home."
            ],
            "2618_tree": [
                "Its presence brings a sense of **groundedness**.",
                "Its coloring feels **stimulating** and organic.",
                "The medium size tree feels **balanced**.",
                "Bottom-right tree presence adds **subtle and progressive** and **balanced** depth."
            ],
            "5527_person": [
                "The person reflects themes of **self**.",
                "The person is colored in a **vital** way.",
                "The person appears with a **present** presence.",
                "The bottom center placement adds a **anchored** tone of **subtle but grounded**."
            ],
            "5593_house": [
                "The house may symbolize **home**.",
                "This coloring feels deeply **emotionally heightened**.",
                "This medium-sized house gives a **balanced** presence.",
                "Bottom-left location makes the house feel **subtle and past-oriented** and **rooted**."
            ],
            "6190_tree": [
                "Its presence brings a sense of **growth**.",
                "The tree's natural colors evoke a **emotionally regulated** impression.",
                "The medium size tree feels **natural**.",
                "Bottom-right tree presence adds **subtle and progressive** and **balanced** depth."
            ],
            "8252_tree": [
                "This tree suggests rootedness and **groundedness**.",
                "Its coloring feels **emotionally consistent** and organic.",
                "The medium size tree feels **emotionally regulated**.",
                "Bottom-right tree presence adds **rooted and forward-thinking** and **emotionally regulated** depth."
            ],
            "9036_person": [
                "This figure brings to mind ideas of **self**.",
                "The unexpected hues suggest something more **enthusiastic**.",
                "A large figure here suggests something **central**.",
                "The bottom center placement adds a **emotionally flat** tone of **subtle but grounded**."
            ]
        },
        "expression_descriptions": {
            "expr_72eaadd1": [
                "This smile radiates something **radiant**."
            ],
            "expr_5bbf455d": [
                "A happy expression shines with a **spirited** feeling."
            ],
            "expr_c9078cd5": [
                "This smile radiates something **radiant**."
            ]
        },
        "full_paragraph": "Main Emotion: happiness This drawing feels happiness (1.000).\nWith a lot of green, the mood becomes tranquil.\norange in the background hints at a stimulating feeling.\nThe emotionally heightened nature of this red shade feels emotionally heightened.\nThe house may symbolize memory.\nIts colors create a emotionally heightened impression of familiarity.\nThis medium-sized house gives a settled presence.\nBottom-left location makes the house feel rooted and reflective and rooted.\nTrees often reflect groundedness themes, seen here clearly.\nThe tree's natural colors evoke a creative impression.\nThe medium size tree feels emotionally regulated.\nFrom the top-right, the tree radiates forward-growing and strong.\nSymbolically, the house reflects ideas of stability.\nThe house's unusual coloring evokes something emotionally regulated.\nThis medium-sized house gives a settled presence.\nBottom-right placement suggests a hidden but hopeful, buried sense of home.\nIts presence brings a sense of groundedness. Its coloring feels stimulating and organic.\nThe medium size tree feels balanced.\nBottom-right tree presence adds subtle and progressive and balanced depth.\nThe person reflects themes of self. The person is colored in a vital way.\nThe person appears with a present presence.\nThe bottom center placement adds a anchored tone of subtle but grounded.\nThe house may symbolize home. This coloring feels deeply emotionally heightened.\nThis medium-sized house gives a balanced presence.\nBottom-left location makes the house feel subtle and past-oriented and rooted.\nIts presence brings a sense of growth.\nThe tree's natural colors evoke a emotionally regulated impression.\nThe medium size tree feels natural.\nBottom-right tree presence adds subtle and progressive and balanced depth.\nThis tree suggests rootedness and groundedness.\nIts coloring feels emotionally consistent and organic.\nThe medium size tree feels emotionally regulated.\nBottom-right tree presence adds rooted and forward-thinking and emotionally regulated depth.\nThis figure brings to mind ideas of self. The unexpected hues suggest something more enthusiastic.\nA large figure here suggests something central.\nThe bottom center placement adds a emotionally flat tone of subtle but grounded.\nThis smile radiates something radiant. A happy expression shines with a spirited feeling.\nThis smile radiates something radiant."
    }
}