{
    "general_emotion": "Happiness",
    "general_emotion_confidence": 1.0,
    "drawing_image_path": "..\\shared_memory\\0_BE_input\\original_input.png",
    "drawing_bw_image_path": "..\\shared_memory\\0_BE_input\\original_input_BW.png",
    "objects": [
        {
            "id": "0350_house",
            "type": "house",
            "position": "bottom-left",
            "size": "medium",
            "dominant_expression": null,
            "dominant_emotion_hint": null,
            "dominant_emotion_color": "Anger",
            "is_color_unusual": false,
            "colors": [
                {
                    "color_name": "red",
                    "rgb": [
                        237,
                        40,
                        21
                    ],
                    "emotion": "Anger",
                    "proportion": 19371,
                    "is_unusual": false
                },
                {
                    "color_name": "yellow",
                    "rgb": [
                        230,
                        200,
                        9
                    ],
                    "emotion": "Happiness",
                    "proportion": 24893,
                    "is_unusual": false
                },
                {
                    "color_name": "green",
                    "rgb": [
                        72,
                        105,
                        13
                    ],
                    "emotion": "Calm",
                    "proportion": 9987,
                    "is_unusual": true
                }
            ],
            "crop_path": "shared_memory/2_OBJ_DET_out/objects/colored/crops/0350_house.png",
            "confidence": 0.788
        },
        {
            "id": "0360_tree",
            "type": "tree",
            "position": "top-right",
            "size": "medium",
            "dominant_expression": null,
            "dominant_emotion_hint": null,
            "dominant_emotion_color": "Happiness",
            "is_color_unusual": false,
            "colors": [
                {
                    "color_name": "orange",
                    "rgb": [
                        251,
                        137,
                        57
                    ],
                    "emotion": "Happiness",
                    "proportion": 6037,
                    "is_unusual": false
                },
                {
                    "color_name": "brown",
                    "rgb": [
                        158,
                        83,
                        34
                    ],
                    "emotion": "Calm",
                    "proportion": 2484,
                    "is_unusual": false
                }
            ],
            "crop_path": "shared_memory/2_OBJ_DET_out/objects/colored/crops/0360_tree.png",
            "confidence": 0.609
        },
        {
            "id": "1502_house",
            "type": "house",
            "position": "bottom-right",
            "size": "medium",
            "dominant_expression": null,
            "dominant_emotion_hint": null,
            "dominant_emotion_color": "Calm",
            "is_color_unusual": true,
            "colors": [
                {
                    "color_name": "green",
                    "rgb": [
                        89,
                        193,
                        12
                    ],
                    "emotion": "Calm",
                    "proportion": 16395,
                    "is_unusual": true
                },
                {
                    "color_name": "green",
                    "rgb": [
                        20,
                        163,
                        0
                    ],
                    "emotion": "Calm",
                    "proportion": 17166,
                    "is_unusual": true
                }
            ],
            "crop_path": "shared_memory/2_OBJ_DET_out/objects/colored/crops/1502_house.png",
            "confidence": 0.343
        },
        {
            "id": "2618_tree",
            "type": "tree",
            "position": "bottom-right",
            "size": "medium",
            "dominant_expression": null,
            "dominant_emotion_hint": null,
            "dominant_emotion_color": "Happiness",
            "is_color_unusual": false,
            "colors": [
                {
                    "color_name": "orange",
                    "rgb": [
                        200,
                        116,
                        16
                    ],
                    "emotion": "Happiness",
                    "proportion": 7238,
                    "is_unusual": false
                },
                {
                    "color_name": "green",
                    "rgb": [
                        97,
                        197,
                        16
                    ],
                    "emotion": "Calm",
                    "proportion": 17555,
                    "is_unusual": false
                },
                {
                    "color_name": "green",
                    "rgb": [
                        28,
                        168,
                        0
                    ],
                    "emotion": "Calm",
                    "proportion": 20001,
                    "is_unusual": false
                }
            ],
            "crop_path": "shared_memory/2_OBJ_DET_out/objects/colored/crops/2618_tree.png",
            "confidence": 0.74
        },
        {
            "id": "5527_person",
            "type": "person",
            "position": "bottom-center",
            "size": "medium",
            "dominant_expression": null,
            "dominant_emotion_hint": null,
            "dominant_emotion_color": "Anger",
            "is_color_unusual": false,
            "colors": [
                {
                    "color_name": "red",
                    "rgb": [
                        249,
                        42,
                        26
                    ],
                    "emotion": "Anger",
                    "proportion": 11721,
                    "is_unusual": false
                },
                {
                    "color_name": "green",
                    "rgb": [
                        65,
                        167,
                        4
                    ],
                    "emotion": "Calm",
                    "proportion": 8635,
                    "is_unusual": false
                },
                {
                    "color_name": "orange",
                    "rgb": [
                        224,
                        184,
                        5
                    ],
                    "emotion": "Happiness",
                    "proportion": 24638,
                    "is_unusual": true
                }
            ],
            "crop_path": "shared_memory/2_OBJ_DET_out/objects/colored/crops/5527_person.png",
            "confidence": 0.771
        },
        {
            "id": "5593_house",
            "type": "house",
            "position": "bottom-left",
            "size": "medium",
            "dominant_expression": null,
            "dominant_emotion_hint": null,
            "dominant_emotion_color": "Anger",
            "is_color_unusual": false,
            "colors": [
                {
                    "color_name": "red",
                    "rgb": [
                        247,
                        32,
                        20
                    ],
                    "emotion": "Anger",
                    "proportion": 15225,
                    "is_unusual": false
                },
                {
                    "color_name": "yellow",
                    "rgb": [
                        232,
                        204,
                        12
                    ],
                    "emotion": "Happiness",
                    "proportion": 25065,
                    "is_unusual": false
                },
                {
                    "color_name": "orange",
                    "rgb": [
                        212,
                        107,
                        51
                    ],
                    "emotion": "Happiness",
                    "proportion": 7598,
                    "is_unusual": true
                }
            ],
            "crop_path": "shared_memory/2_OBJ_DET_out/objects/colored/crops/5593_house.png",
            "confidence": 0.793
        },
        {
            "id": "6190_tree",
            "type": "tree",
            "position": "bottom-right",
            "size": "medium",
            "dominant_expression": null,
            "dominant_emotion_hint": null,
            "dominant_emotion_color": "Calm",
            "is_color_unusual": false,
            "colors": [
                {
                    "color_name": "green",
                    "rgb": [
                        46,
                        178,
                        2
                    ],
                    "emotion": "Calm",
                    "proportion": 7232,
                    "is_unusual": false
                }
            ],
            "crop_path": "shared_memory/2_OBJ_DET_out/objects/colored/crops/6190_tree.png",
            "confidence": 0.654
        },
        {
            "id": "8252_tree",
            "type": "tree",
            "position": "bottom-right",
            "size": "medium",
            "dominant_expression": null,
            "dominant_emotion_hint": null,
            "dominant_emotion_color": "Calm",
            "is_color_unusual": false,
            "colors": [
                {
                    "color_name": "brown",
                    "rgb": [
                        112,
                        93,
                        40
                    ],
                    "emotion": "Calm",
                    "proportion": 1250,
                    "is_unusual": false
                },
                {
                    "color_name": "orange",
                    "rgb": [
                        247,
                        163,
                        54
                    ],
                    "emotion": "Happiness",
                    "proportion": 2495,
                    "is_unusual": false
                },
                {
                    "color_name": "green",
                    "rgb": [
                        78,
                        169,
                        0
                    ],
                    "emotion": "Calm",
                    "proportion": 3982,
                    "is_unusual": false
                }
            ],
            "crop_path": "shared_memory/2_OBJ_DET_out/objects/colored/crops/8252_tree.png",
            "confidence": 0.423
        },
        {
            "id": "9036_person",
            "type": "person",
            "position": "bottom-center",
            "size": "large",
            "dominant_expression": null,
            "dominant_emotion_hint": null,
            "dominant_emotion_color": "Happiness",
            "is_color_unusual": true,
            "colors": [
                {
                    "color_name": "orange",
                    "rgb": [
                        226,
                        185,
                        6
                    ],
                    "emotion": "Happiness",
                    "proportion": 24948,
                    "is_unusual": true
                },
                {
                    "color_name": "green",
                    "rgb": [
                        63,
                        164,
                        4
                    ],
                    "emotion": "Calm",
                    "proportion": 9559,
                    "is_unusual": false
                },
                {
                    "color_name": "red",
                    "rgb": [
                        248,
                        43,
                        26
                    ],
                    "emotion": "Anger",
                    "proportion": 11822,
                    "is_unusual": false
                }
            ],
            "crop_path": "shared_memory/2_OBJ_DET_out/objects/colored/crops/9036_person.png",
            "confidence": 0.778
        }
    ],
    "facial_expressions": [
        {
            "id": "expr_72eaadd1",
            "expression": "happy_face",
            "mapped_emotion": "Happiness",
            "dominant_emotion_color": null,
            "colors": [],
            "crop_path": "shared_memory/3_FED_out/facial_expressions/crops/expr_72eaadd1.png",
            "confidence": 0.934
        },
        {
            "id": "expr_5bbf455d",
            "expression": "happy_face",
            "mapped_emotion": "Happiness",
            "dominant_emotion_color": null,
            "colors": [],
            "crop_path": "shared_memory/3_FED_out/facial_expressions/crops/expr_5bbf455d.png",
            "confidence": 0.896
        },
        {
            "id": "expr_c9078cd5",
            "expression": "happy_face",
            "mapped_emotion": "Happiness",
            "dominant_emotion_color": null,
            "colors": [],
            "crop_path": "shared_memory/3_FED_out/facial_expressions/crops/expr_c9078cd5.png",
            "confidence": 0.756
        }
    ],
    "dominant_drawing_colors": [
        {
            "color_name": "green",
            "rgb": [
                63,
                139,
                6
            ],
            "emotion": "Calm",
            "proportion": 113643
        },
        {
            "color_name": "orange",
            "rgb": [
                205,
                188,
                18
            ],
            "emotion": "Happiness",
            "proportion": 111454
        },
        {
            "color_name": "red",
            "rgb": [
                213,
                68,
                8
            ],
            "emotion": "Anger",
            "proportion": 85649
        }
    ]
}